start,start/step,0,timestamp,1706160536.0192578
start,start/step,0,timestamp,1706160668.0849185
start,start/step,0,timestamp,1706160879.2732935
start,start/step,0,timestamp,1706160977.8792307
start,start/step,0,timestamp,1706161591.139062
start,start/step,0,timestamp,1706161627.3279474
start,start/step,0,timestamp,1706162839.267414
start,start/step,0,timestamp,1706162983.0039685
start,start/step,0,timestamp,1706163150.1843882
start,start/step,0,timestamp,1706163289.4612217
start,start/step,0,timestamp,1706163432.2368362
start,start/step,0,timestamp,1706163574.1539297
start,start/step,0,timestamp,1706163716.7216604
start,start/step,0,timestamp,1706163858.1685371
start,start/step,0,timestamp,1706163999.9547772
start,start/step,0,timestamp,1706164628.9802897
start,start/step,0,timestamp,1706164771.0463066
start,start/step,0,timestamp,1706164912.4558427
start,start/step,0,timestamp,1706165053.387393
start,start/step,0,timestamp,1706165194.5439634
start,start/step,0,timestamp,1706165335.6966553
start,start/step,0,timestamp,1706165477.2412524
start,start/step,0,timestamp,1706165617.5208786
start,start/step,0,timestamp,1706165759.539225
start,start/step,0,timestamp,1706165901.153664
start,start/step,0,timestamp,1706166046.2312632
start,start/step,0,timestamp,1706166189.3811188
start,start/step,0,timestamp,1706166332.385673
start,start/step,0,timestamp,1706166474.7294154
start,start/step,0,timestamp,1706166616.7088559
start,start/step,0,timestamp,1706166758.9347103
start,start/step,0,timestamp,1706166902.2900815
start,start/step,0,timestamp,1706167044.747274
start,start/step,0,timestamp,1706167187.973493
start,start/step,0,timestamp,1706167331.3304965
start,start/step,0,timestamp,1706167784.7062137
start,start/step,0,timestamp,1706167927.1831036
start,start/step,0,timestamp,1706168068.1340346
start,start/step,0,timestamp,1706168209.1177776
start,start/step,0,timestamp,1706237189.0451176
start,start/step,0,timestamp,1706237333.7641757
start,start/step,0,timestamp,1706237480.2076793
start,start/step,0,timestamp,1706237631.157555
start,start/step,0,timestamp,1706237780.551953
start,start/step,0,timestamp,1706237930.0769892
start,start/step,0,timestamp,1706238075.5724707
start,start/step,0,timestamp,1706238222.7943645
start,start/step,0,timestamp,1706238368.422303
start,start/step,0,timestamp,1706238511.9273424
start,start/step,0,timestamp,1706238655.2979019
start,start/step,0,timestamp,1706238805.8007815
start,start/step,0,timestamp,1706238957.4823945
start,start/step,0,timestamp,1706239100.6073663
start,start/step,0,timestamp,1706239243.2303922
start,start/step,0,timestamp,1706239387.0728848
start,start/step,0,timestamp,1706239531.415819
start,start/step,0,timestamp,1706239676.436436
start,start/step,0,timestamp,1706239825.3529146
start,start/step,0,timestamp,1706239969.6451592
start,start/step,0,timestamp,1706240114.7069259
start,start/step,0,timestamp,1706240258.2777
start,start/step,0,timestamp,1706240402.3270378
start,start/step,0,timestamp,1706240549.9522223
start,start/step,0,timestamp,1706240693.2092755
start,start/step,0,timestamp,1706240836.6911626
start,start/step,0,timestamp,1706240989.1368766
start,start/step,0,timestamp,1706241142.6701293
start,start/step,0,timestamp,1706241297.0868669
start,start/step,0,timestamp,1706241450.5724335
start,start/step,0,timestamp,1706241595.6822855
start,start/step,0,timestamp,1706241741.5825865
start,start/step,0,timestamp,1706241886.5631187
start,start/step,0,timestamp,1706242031.8779268
start,start/step,0,timestamp,1706242178.7682395
start,start/step,0,timestamp,1706242324.833683
start,start/step,0,timestamp,1706242470.8501787
start,start/step,0,timestamp,1706242617.1014597
start,start/step,0,timestamp,1706242763.049733
start,start/step,0,timestamp,1706242909.271753
start,start/step,0,timestamp,1706243055.3562734
start,start/step,0,timestamp,1706243201.1761446
start,start/step,0,timestamp,1706243348.3325374
start,start/step,0,timestamp,1706243494.2633073
start,start/step,0,timestamp,1706243642.0345674
start,start/step,0,timestamp,1706243789.345593
start,start/step,0,timestamp,1706243936.9191475
start,start/step,0,timestamp,1706244084.06733
start,start/step,0,timestamp,1706244231.1401527
start,start/step,0,timestamp,1706244379.0823174
start,start/step,0,timestamp,1706244536.177959
start,start/step,0,timestamp,1706244684.1448185
start,start/step,0,timestamp,1706244833.7720046
start,start/step,0,timestamp,1706244983.2314065
start,start/step,0,timestamp,1706245133.57687
start,start/step,0,timestamp,1706245282.2082067
start,start/step,0,timestamp,1706245440.5020142
start,start/step,0,timestamp,1706252770.290934
start,start/step,0,timestamp,1706252911.4567246
start,start/step,0,timestamp,1706253051.0703301
start,start/step,0,timestamp,1706253194.656305
start,start/step,0,timestamp,1706253573.5608072
start,start/step,0,timestamp,1706253745.9174323
start,start/step,0,timestamp,1706253930.5039067
start,start/step,0,timestamp,1706254105.1908073
start,start/step,0,timestamp,1706254284.1185505
start,start/step,0,timestamp,1706254477.0510278
start,start/step,0,timestamp,1706254670.021269
start,start/step,0,timestamp,1706254830.949043
start,start/step,0,timestamp,1706254998.2831101
start,start/step,0,timestamp,1706255511.104141
start,start/step,0,timestamp,1706255658.3669074
start,start/step,0,timestamp,1706255798.6144779
start,start/step,0,timestamp,1706255945.0169857
start,start/step,0,timestamp,1706256087.5516818
start,start/step,0,timestamp,1706256231.2573671
start,start/step,0,timestamp,1706256374.3284829
start,start/step,0,timestamp,1706256549.5763814
start,start/step,0,timestamp,1706256634.8526814
start,start/step,0,timestamp,1706256799.548737
start,start/step,0,timestamp,1706257000.5624845
start,start/step,0,timestamp,1706257191.2868514
start,start/step,0,timestamp,1706257263.8242097
start,start/step,0,timestamp,1706257438.458813
start,start/step,0,timestamp,1706257605.4239402
start,start/step,0,timestamp,1706257796.130891
start,start/step,0,timestamp,1706257986.4091325
start,start/step,0,timestamp,1706258173.9640355
start,start/step,0,timestamp,1706258364.0704482
start,start/step,0,timestamp,1706258554.7960954
start,start/step,0,timestamp,1706258746.3314095
start,start/step,0,timestamp,1706258940.3768666
start,start/step,0,timestamp,1706260103.1155925
start,start/step,0,timestamp,1706260244.7986162
start,start/step,0,timestamp,1706260387.169011
start,start/step,0,timestamp,1706260527.2778552
start,start/step,0,timestamp,1706260669.413055
start,start/step,0,timestamp,1706260812.60298
start,start/step,0,timestamp,1706260955.8688154
start,start/step,0,timestamp,1706261099.8878312
start,start/step,0,timestamp,1706261242.7428913
start,start/step,0,timestamp,1706261385.1747057
start,start/step,0,timestamp,1706261527.8371708
start,start/step,0,timestamp,1706261670.0904593
start,start/step,0,timestamp,1706261813.260096
start,start/step,0,timestamp,1706261958.651076
start,start/step,0,timestamp,1706262105.3847091
start,start/step,0,timestamp,1706262252.8072345
start,start/step,0,timestamp,1706262399.0465956
start,start/step,0,timestamp,1706262547.0406027
start,start/step,0,timestamp,1706262694.5325131
start,start/step,0,timestamp,1706262840.1021633
start,start/step,0,timestamp,1706262985.2253473
start,start/step,0,timestamp,1706263130.685816
start,start/step,0,timestamp,1706263278.4145677
start,start/step,0,timestamp,1706263426.959107
start,start/step,0,timestamp,1706263582.162737
start,start/step,0,timestamp,1706263738.4694645
start,start/step,0,timestamp,1706263893.0877862
start,start/step,0,timestamp,1706264045.4174397
start,start/step,0,timestamp,1706264192.615339
start,start/step,0,timestamp,1706264340.1672986
start,start/step,0,timestamp,1706264488.7992077
start,start/step,0,timestamp,1706264637.7330973
start,start/step,0,timestamp,1706264785.723506
start,start/step,0,timestamp,1706264935.7252865
start,start/step,0,timestamp,1706265085.4268923
start,start/step,0,timestamp,1706265237.3709178
start,start/step,0,timestamp,1706265397.7304876
start,start/step,0,timestamp,1706265643.8200674
start,start/step,0,timestamp,1706265963.4440675
start,start/step,0,timestamp,1706266484.0011597
start,start/step,0,timestamp,1706266792.6464455
start,start/step,0,timestamp,1706267121.3563333
start,start/step,0,timestamp,1706267388.671594
start,start/step,0,timestamp,1706267764.9912033
start,start/step,0,timestamp,1706268292.4326482
start,start/step,0,timestamp,1706268647.6203065
start,start/step,0,timestamp,1706269092.53311
start,start/step,0,timestamp,1706269387.891912
start,start/step,0,timestamp,1706269665.5628986
start,start/step,0,timestamp,1706269990.5567403
start,start/step,0,timestamp,1706270287.25455
start,start/step,0,timestamp,1706270647.440239
start,start/step,0,timestamp,1706271094.277374
start,start/step,0,timestamp,1706271499.0403738
start,start/step,0,timestamp,1706271884.2492385
start,start/step,0,timestamp,1706272218.7129076
start,start/step,0,timestamp,1706272430.4456718
start,start/step,0,timestamp,1706272733.1867616
start,start/step,0,timestamp,1706273134.265052
start,start/step,0,timestamp,1706273515.256647
start,start/step,0,timestamp,1706273937.0196471
start,start/step,0,timestamp,1706274353.9348202
start,start/step,0,timestamp,1706274715.575143
start,start/step,0,timestamp,1706275066.5303261
start,start/step,0,timestamp,1706275458.0682855
start,start/step,0,timestamp,1706275892.231785
start,start/step,0,timestamp,1706276289.7783353
start,start/step,0,timestamp,1706276673.1144588
start,start/step,0,timestamp,1706277048.1613593
start,start/step,0,timestamp,1706277422.2728682
start,start/step,0,timestamp,1706277896.3981884
start,start/step,0,timestamp,1706278349.320736
start,start/step,0,timestamp,1706278736.799446
start,start/step,0,timestamp,1706279115.8316808
start,start/step,0,timestamp,1706279380.941988
start,start/step,0,timestamp,1706279552.9905162
start,start/step,0,timestamp,1706279725.5621068
start,start/step,0,timestamp,1706279898.3599005
start,start/step,0,timestamp,1706280070.964289
start,start/step,0,timestamp,1706280244.6445956
