start,start/step,0,timestamp,1706080210.0082402
start,start/step,0,timestamp,1706080319.8329647
start,start/step,0,timestamp,1706080422.0298936
start,start/step,0,timestamp,1706080606.8140216
start,start/step,0,timestamp,1706080691.6605153
start,start/step,0,timestamp,1706080782.8146787
start,start/step,0,timestamp,1706080893.8294349
start,start/step,0,timestamp,1706080989.63347
start,start/step,0,timestamp,1706081033.7446218
start,start/step,0,timestamp,1706081320.5528896
start,start/step,0,timestamp,1706081356.8522503
start,start/step,0,timestamp,1706081435.3322015
start,start/step,0,timestamp,1706081802.2488148
start,start/step,0,timestamp,1706081887.700197
start,start/step,0,timestamp,1706081921.1663885
start,start/step,0,timestamp,1706082094.8768172
start,start/step,0,timestamp,1706082139.770682
start,start/step,0,timestamp,1706082231.8005211
start,start/step,0,timestamp,1706082341.2497559
start,start/step,0,timestamp,1706082524.3807697
start,start/step,0,timestamp,1706082847.6402237
start,start/step,0,timestamp,1706083466.979528
start,start/step,0,timestamp,1706084306.2227616
start,start/step,0,timestamp,1706156976.9283352
start,start/step,0,timestamp,1706158598.7613394
start,start/step,0,timestamp,1706158754.759103
start,start/step,0,timestamp,1706159690.9415522
start,start/step,0,timestamp,1706249381.3949006
